,mean,std,min,max
averageStressLevel,29.47,16.51,-2.0,90.0
highStressDurationInSeconds,4457.97,5878.01,0.0,47640.0
high_stress_ratio,0.05,0.07,0.0,0.55
steps,5660.15,4389.62,0.0,25600.0
activeTimeInSeconds,6225.13,4648.2,0.0,23275.0
active_time_min,103.75,77.47,0.0,387.92
morning_ratio,0.25,0.05,0.0,0.62
evening_ratio,0.51,0.05,0.03,1.0
sleep_durationInSeconds,67521.94,38608.28,7560.0,297960.0
total_sleep_min,1125.37,643.47,126.0,4966.0
deepSleepDurationInSeconds,13389.72,9132.09,0.0,80400.0
deep_min,223.16,152.2,0.0,1340.0
remSleepInSeconds,10039.15,9157.79,0.0,66660.0
rem_min,167.32,152.63,0.0,1111.0
lightSleepDurationInSeconds,43849.57,27081.58,0.0,212940.0
awakeDurationInSeconds,1403.95,2062.95,0.0,24240.0
awake_min,23.4,34.38,0.0,404.0
deep_ratio,0.22,0.14,0.0,1.0
rem_ratio,0.14,0.09,0.0,0.53
awake_ratio,0.02,0.03,0.0,0.23
minSpO2,84.71,3.44,72.0,100.0
averageSpO2,92.47,2.01,82.67,100.0
